<?xml version="1.0" encoding="UTF-8" ?>
<XMLDB PATH="blocks/multimodalrag/db" VERSION="20240729" COMMENT="XMLDB file for Moodle blocks/multimodalrag">
  <TABLES>
    <TABLE NAME="block_multimodalrag_processed" COMMENT="Track processed files">
      <FIELDS>
        <FIELD NAME="id" TYPE="int" LENGTH="10" NOTNULL="true" SEQUENCE="true"/>
        <FIELD NAME="courseid" TYPE="int" LENGTH="10" NOTNULL="true"/>
        <FIELD NAME="filename" TYPE="char" LENGTH="255" NOTNULL="true"/>
        <FIELD NAME="contenthash" TYPE="char" LENGTH="40" NOTNULL="true"/>
        <FIELD NAME="processed_time" TYPE="int" LENGTH="10" NOTNULL="true"/>
        <FIELD NAME="status" TYPE="char" LENGTH="20" NOTNULL="true" DEFAULT="processed"/>
      </FIELDS>
      <KEYS>
        <KEY NAME="primary" TYPE="primary" FIELDS="id"/>
      </KEYS>
      <INDEXES>
        <INDEX NAME="courseid" UNIQUE="false" FIELDS="courseid"/>
        <INDEX NAME="contenthash" UNIQUE="false" FIELDS="contenthash"/>
      </INDEXES>
    </TABLE>
  </TABLES>
</XMLDB>